{"Materials": {"UD": {"ui": null, "elasticProperties": {"E1": 120000.0, "E2": 7000.0, "E3": 7000.0, "G12": 3000.0, "G13": 3000.0, "G23": 3000.0, "NU12": 0.35, "NU13": 0.35, "NU23": 0.4, "RHO": 1.5e-09}, "strengthProperties": {"XT": 1500.0, "XC": -800.0, "YT": 80.0, "YC": -140.0, "ZT": 50.0, "ZC": -140.0, "S12": 80.0, "S13": 50.0, "S23": 50.0}}, "Core": {"ui": null, "elasticProperties": {"E1": 120000.0, "E2": 7000.0, "E3": 7000.0, "G12": 3000.0, "G13": 3000.0, "G23": 3000.0, "NU12": 0.35, "NU13": 0.35, "NU23": 0.4, "RHO": 1.5e-09}, "strengthProperties": {"XT": 1500.0, "XC": -800.0, "YT": 80.0, "YC": -140.0, "ZT": 50.0, "ZC": -140.0, "S12": 80.0, "S13": 50.0, "S23": 50.0}}}, "Orientations": {"OrientY": {"angles": {"alpha": 0.0, "beta": -0.0, "gamma": 0.0}, "vectors": {"Vref": [0.0, 1.0, 0.0], "Vnorm": [1.0, 0.0, 1.0]}, "byAngles": false, "byVectors": true, "ui": null}, "OrientX": {"angles": {"alpha": 0.0, "beta": -0.0, "gamma": 0.0}, "vectors": {"Vref": [1.0, 0.0, 0.0], "Vnorm": [0.0, 1.0, 0.0]}, "byAngles": false, "byVectors": true, "ui": null}}, "SolidPlies": {}, "ShellLayups": {"LBase": {"plyList": [["UD", 0.2, 45.0], ["UD", 0.2, -45.0], ["UD", 0.2, 0.0], ["Core", 4.0, 0.0], ["UD", 0.2, 0.0], ["UD", 0.2, -45.0], ["UD", 0.2, 45.0]], "ui": null}}, "ShellRegions": {"Shell0": {"layupName": "LBase", "orientationName": "OrientY", "groupList": ["bottom", "side"], "ui": null}, "Shell1": {"layupName": "LBase", "orientationName": "OrientX", "groupList": ["front"], "ui": null}}}