{"Materials": {"UD": {"ui": null, "elasticProperties": {"E1": 120000.0, "E2": 7000.0, "E3": 7000.0, "G12": 3000.0, "G13": 3000.0, "G23": 3000.0, "NU12": 0.35, "NU13": 0.35, "NU23": 0.4, "RHO": 1.5e-09}, "strengthProperties": {"XT": 1500.0, "XC": -800.0, "YT": 80.0, "YC": -140.0, "ZT": 50.0, "ZC": -140.0, "S12": 80.0, "S13": 50.0, "S23": 50.0}}, "Core": {"ui": null, "elasticProperties": {"E1": 1000.0, "E2": 1000.0, "E3": 1000.0, "G12": 454.0, "G13": 454.0, "G23": 454.0, "NU12": 0.1, "NU13": 0.1, "NU23": 0.1, "RHO": 5e-10}, "strengthProperties": {"XT": 10.0, "XC": -10.0, "YT": 10.0, "YC": -10.0, "ZT": 10.0, "ZC": -10.0, "S12": 5.0, "S13": 5.0, "S23": 5.0}}}, "Orientations": {"Orient0": {"angles": {"alpha": 0.0, "beta": -0.0, "gamma": 0.0}, "vectors": {"Vref": [1.0, 0.0, 0.0], "Vnorm": [0.0, 0.0, 1.0]}, "byAngles": false, "byVectors": true, "ui": null}}, "SolidPlies": {"Core": {"materialName": "Core", "orientationName": "Orient0", "groupList": ["core"], "ui": null}}, "ShellLayups": {"Layup0": {"plyList": [["UD", 0.2, 0.0], ["UD", 0.2, 45.0], ["UD", 0.2, -45.0]], "ui": null}}, "ShellRegions": {"Shells": {"layupName": "Layup0", "orientationName": "Orient0", "groupList": ["top", "bottom"], "ui": null}}}