{"Materials": {"UD": {"ui": null, "elasticProperties": {"E1": 120000.0, "E2": 7000.0, "E3": 7000.0, "G12": 3000.0, "G13": 3000.0, "G23": 3000.0, "NU12": 0.35, "NU13": 0.35, "NU23": 0.4, "RHO": 1.5e-09}, "strengthProperties": {"XT": 1500.0, "XC": -800.0, "YT": 80.0, "YC": -140.0, "ZT": 50.0, "ZC": -140.0, "S12": 80.0, "S13": 50.0, "S23": 50.0}}, "core": {"ui": null, "elasticProperties": {"E1": 70.0, "E2": 70.0, "E3": 70.0, "G12": 20.0, "G13": 20.0, "G23": 20.0, "NU12": 0.4, "NU13": 0.4, "NU23": 0.4, "RHO": 6e-11}, "strengthProperties": {"XT": 1.8, "XC": -0.9, "YT": 1.8, "YC": -0.9, "ZT": 1.8, "ZC": -0.9, "S12": 0.76, "S13": 0.76, "S23": 0.76}}}, "Orientations": {"orient1": {"angles": {"alpha": 90.0, "beta": 0.0, "gamma": 45.0}, "vectors": {"Vref": [0.0, 1.0, 0.0], "Vnorm": [1.0, 0.0, 1.0]}, "byAngles": false, "byVectors": true, "ui": null}, "orient2": {"angles": {"alpha": 0.0, "beta": 0.0, "gamma": 90.0}, "vectors": {"Vref": [1.0, 0.0, 0.0], "Vnorm": [0.0, -1.0, 0.0]}, "byAngles": false, "byVectors": true, "ui": null}}, "SolidPlies": {"core": {"materialName": "core", "orientationName": "orient1", "groupList": ["core"], "ui": null}}, "ShellLayups": {"Layup0": {"plyList": [["UD", 0.2, 0.0], ["UD", 0.2, 45.0], ["UD", 0.2, -45.0]], "ui": null}}, "ShellRegions": {"Shell0": {"layupName": "Layup0", "orientationName": "orient1", "groupList": ["sint1", "sext1"], "ui": null}, "Shell1": {"layupName": "Layup0", "orientationName": "orient2", "groupList": ["sint2", "sext2"], "ui": null}}}